<?xml version="1.0" encoding="UTF-8"?>
<metadata xml:lang="en"><Esri><CreaDate>20250109</CreaDate><CreaTime>14140800</CreaTime><ArcGISFormat>1.0</ArcGISFormat><SyncOnce>FALSE</SyncOnce><DataProperties><itemProps><itemName Sync="TRUE">shaepfiletest</itemName><imsContentType Sync="TRUE">002</imsContentType><itemSize Sync="TRUE">0.000</itemSize><itemLocation><linkage Sync="TRUE">file://\\TTL-5CD347FP5V\C$\Users\brenton.just\Downloads\shaepfiletest.shp</linkage><protocol Sync="TRUE">Local Area Network</protocol></itemLocation></itemProps><coordRef><type Sync="TRUE">Geographic</type><geogcsn Sync="TRUE">GCS_North_American_1983</geogcsn><csUnits Sync="TRUE">Angular Unit: Degree (0.017453)</csUnits><peXml Sync="TRUE">&lt;GeographicCoordinateSystem xsi:type='typens:GeographicCoordinateSystem' xmlns:xsi='http://www.w3.org/2001/XMLSchema-instance' xmlns:xs='http://www.w3.org/2001/XMLSchema' xmlns:typens='http://www.esri.com/schemas/ArcGIS/3.4.0'&gt;&lt;WKT&gt;GEOGCS[&amp;quot;GCS_North_American_1983&amp;quot;,DATUM[&amp;quot;D_North_American_1983&amp;quot;,SPHEROID[&amp;quot;GRS_1980&amp;quot;,6378137.0,298.257222101]],PRIMEM[&amp;quot;Greenwich&amp;quot;,0.0],UNIT[&amp;quot;Degree&amp;quot;,0.0174532925199433],AUTHORITY[&amp;quot;EPSG&amp;quot;,4269]]&lt;/WKT&gt;&lt;XOrigin&gt;-400&lt;/XOrigin&gt;&lt;YOrigin&gt;-400&lt;/YOrigin&gt;&lt;XYScale&gt;11258999068426.238&lt;/XYScale&gt;&lt;ZOrigin&gt;-100000&lt;/ZOrigin&gt;&lt;ZScale&gt;10000&lt;/ZScale&gt;&lt;MOrigin&gt;-100000&lt;/MOrigin&gt;&lt;MScale&gt;10000&lt;/MScale&gt;&lt;XYTolerance&gt;8.983152841195215e-09&lt;/XYTolerance&gt;&lt;ZTolerance&gt;0.001&lt;/ZTolerance&gt;&lt;MTolerance&gt;0.001&lt;/MTolerance&gt;&lt;HighPrecision&gt;true&lt;/HighPrecision&gt;&lt;LeftLongitude&gt;-180&lt;/LeftLongitude&gt;&lt;WKID&gt;4269&lt;/WKID&gt;&lt;LatestWKID&gt;4269&lt;/LatestWKID&gt;&lt;/GeographicCoordinateSystem&gt;</peXml></coordRef><lineage><Process ToolSource="c:\users\brenton.just\appdata\local\programs\arcgis\pro\Resources\ArcToolbox\toolboxes\Conversion Tools.tbx\ExportFeatures" Date="20250109" Time="141408">ExportFeatures "C:\Users\brenton.just\Downloads\NFHL_06_20241226 (2)\NFHL_06_20241226.gdb\S_ALLUVIAL_FAN" C:\Users\brenton.just\Downloads\shaepfiletest.shp # NOT_USE_ALIAS "DFIRM_ID "DFIRM_ID" true true false 6 Text 0 0,First,#,C:\Users\brenton.just\Downloads\NFHL_06_20241226 (2)\NFHL_06_20241226.gdb\S_ALLUVIAL_FAN,DFIRM_ID,0,5;VERSION_ID "VERSION_ID" true true false 11 Text 0 0,First,#,C:\Users\brenton.just\Downloads\NFHL_06_20241226 (2)\NFHL_06_20241226.gdb\S_ALLUVIAL_FAN,VERSION_ID,0,10;ALLUVL_ID "ALLUVL_ID" true true false 32 Text 0 0,First,#,C:\Users\brenton.just\Downloads\NFHL_06_20241226 (2)\NFHL_06_20241226.gdb\S_ALLUVIAL_FAN,ALLUVL_ID,0,31;ACTIVE_FAN "ACTIVE_FAN" true true false 1 Text 0 0,First,#,C:\Users\brenton.just\Downloads\NFHL_06_20241226 (2)\NFHL_06_20241226.gdb\S_ALLUVIAL_FAN,ACTIVE_FAN,0,254;FANAPEX_DA "FANAPEX_DA" true true false 8 Double 0 0,First,#,C:\Users\brenton.just\Downloads\NFHL_06_20241226 (2)\NFHL_06_20241226.gdb\S_ALLUVIAL_FAN,FANAPEX_DA,-1,-1;AREA_UNITS "AREA_UNITS" true true false 17 Text 0 0,First,#,C:\Users\brenton.just\Downloads\NFHL_06_20241226 (2)\NFHL_06_20241226.gdb\S_ALLUVIAL_FAN,AREA_UNITS,0,16;FANAPEX_Q "FANAPEX_Q" true true false 8 Double 0 0,First,#,C:\Users\brenton.just\Downloads\NFHL_06_20241226 (2)\NFHL_06_20241226.gdb\S_ALLUVIAL_FAN,FANAPEX_Q,-1,-1;DISCH_UNIT "DISCH_UNIT" true true false 3 Text 0 0,First,#,C:\Users\brenton.just\Downloads\NFHL_06_20241226 (2)\NFHL_06_20241226.gdb\S_ALLUVIAL_FAN,DISCH_UNIT,0,2;FAN_VEL_MN "FAN_VEL_MN" true true false 8 Double 0 0,First,#,C:\Users\brenton.just\Downloads\NFHL_06_20241226 (2)\NFHL_06_20241226.gdb\S_ALLUVIAL_FAN,FAN_VEL_MN,-1,-1;FAN_VEL_MX "FAN_VEL_MX" true true false 8 Double 0 0,First,#,C:\Users\brenton.just\Downloads\NFHL_06_20241226 (2)\NFHL_06_20241226.gdb\S_ALLUVIAL_FAN,FAN_VEL_MX,-1,-1;VEL_UNIT "VEL_UNIT" true true false 20 Text 0 0,First,#,C:\Users\brenton.just\Downloads\NFHL_06_20241226 (2)\NFHL_06_20241226.gdb\S_ALLUVIAL_FAN,VEL_UNIT,0,19;DEPTH "DEPTH" true true false 8 Double 0 0,First,#,C:\Users\brenton.just\Downloads\NFHL_06_20241226 (2)\NFHL_06_20241226.gdb\S_ALLUVIAL_FAN,DEPTH,-1,-1;DEPTH_UNIT "DEPTH_UNIT" true true false 16 Text 0 0,First,#,C:\Users\brenton.just\Downloads\NFHL_06_20241226 (2)\NFHL_06_20241226.gdb\S_ALLUVIAL_FAN,DEPTH_UNIT,0,15;FLD_ZONE "FLD_ZONE" true true false 17 Text 0 0,First,#,C:\Users\brenton.just\Downloads\NFHL_06_20241226 (2)\NFHL_06_20241226.gdb\S_ALLUVIAL_FAN,FLD_ZONE,0,16;ZONE_SUBTY "ZONE_SUBTY" true true false 76 Text 0 0,First,#,C:\Users\brenton.just\Downloads\NFHL_06_20241226 (2)\NFHL_06_20241226.gdb\S_ALLUVIAL_FAN,ZONE_SUBTY,0,75;METH_DESC "METH_DESC" true true false 254 Text 0 0,First,#,C:\Users\brenton.just\Downloads\NFHL_06_20241226 (2)\NFHL_06_20241226.gdb\S_ALLUVIAL_FAN,METH_DESC,0,253;SOURCE_CIT "SOURCE_CIT" true true false 21 Text 0 0,First,#,C:\Users\brenton.just\Downloads\NFHL_06_20241226 (2)\NFHL_06_20241226.gdb\S_ALLUVIAL_FAN,SOURCE_CIT,0,20;GFID "GFID" true true false 36 Text 0 0,First,#,C:\Users\brenton.just\Downloads\NFHL_06_20241226 (2)\NFHL_06_20241226.gdb\S_ALLUVIAL_FAN,GFID,0,35;SHAPE_Length "SHAPE_Length" false true true 8 Double 0 0,First,#,C:\Users\brenton.just\Downloads\NFHL_06_20241226 (2)\NFHL_06_20241226.gdb\S_ALLUVIAL_FAN,SHAPE_Length,-1,-1;SHAPE_Area "SHAPE_Area" false true true 8 Double 0 0,First,#,C:\Users\brenton.just\Downloads\NFHL_06_20241226 (2)\NFHL_06_20241226.gdb\S_ALLUVIAL_FAN,SHAPE_Area,-1,-1" #</Process></lineage></DataProperties><SyncDate>20250109</SyncDate><SyncTime>14140800</SyncTime><ModDate>20250109</ModDate><ModTime>14140800</ModTime></Esri><dataIdInfo><envirDesc Sync="TRUE">Microsoft Windows 10 Version 10.0 (Build 19045) ; Esri ArcGIS 13.4.0.55405</envirDesc><dataLang><languageCode value="eng" Sync="TRUE"></languageCode><countryCode value="AUS" Sync="TRUE"></countryCode></dataLang><idCitation><resTitle Sync="TRUE">shaepfiletest</resTitle><presForm><PresFormCd value="005" Sync="TRUE"></PresFormCd></presForm></idCitation><spatRpType><SpatRepTypCd value="001" Sync="TRUE"></SpatRepTypCd></spatRpType></dataIdInfo><mdLang><languageCode value="eng" Sync="TRUE"></languageCode><countryCode value="AUS" Sync="TRUE"></countryCode></mdLang><mdChar><CharSetCd value="004" Sync="TRUE"></CharSetCd></mdChar><distInfo><distFormat><formatName Sync="TRUE">Shapefile</formatName></distFormat><distTranOps><transSize Sync="TRUE">0.000</transSize></distTranOps></distInfo><mdHrLv><ScopeCd value="005" Sync="TRUE"></ScopeCd></mdHrLv><mdHrLvName Sync="TRUE">dataset</mdHrLvName><refSysInfo><RefSystem><refSysID><identCode code="4269" Sync="TRUE"></identCode><idCodeSpace Sync="TRUE">EPSG</idCodeSpace><idVersion Sync="TRUE">6.5(3.0.1)</idVersion></refSysID></RefSystem></refSysInfo><spatRepInfo><VectSpatRep><geometObjs Name="shaepfiletest"><geoObjTyp><GeoObjTypCd value="002" Sync="TRUE"></GeoObjTypCd></geoObjTyp><geoObjCnt Sync="TRUE">0</geoObjCnt></geometObjs><topLvl><TopoLevCd value="001" Sync="TRUE"></TopoLevCd></topLvl></VectSpatRep></spatRepInfo><spdoinfo><ptvctinf><esriterm Name="shaepfiletest"><efeatyp Sync="TRUE">Simple</efeatyp><efeageom code="4" Sync="TRUE"></efeageom><esritopo Sync="TRUE">FALSE</esritopo><efeacnt Sync="TRUE">0</efeacnt><spindex Sync="TRUE">FALSE</spindex><linrefer Sync="TRUE">FALSE</linrefer></esriterm></ptvctinf></spdoinfo><eainfo><detailed Name="shaepfiletest"><enttyp><enttypl Sync="TRUE">shaepfiletest</enttypl><enttypt Sync="TRUE">Feature Class</enttypt><enttypc Sync="TRUE">0</enttypc></enttyp><attr><attrlabl Sync="TRUE">FID</attrlabl><attalias Sync="TRUE">FID</attalias><attrtype Sync="TRUE">OID</attrtype><attwidth Sync="TRUE">4</attwidth><atprecis Sync="TRUE">0</atprecis><attscale Sync="TRUE">0</attscale><attrdef Sync="TRUE">Internal feature number.</attrdef><attrdefs Sync="TRUE">Esri</attrdefs><attrdomv><udom Sync="TRUE">Sequential unique whole numbers that are automatically generated.</udom></attrdomv></attr><attr><attrlabl Sync="TRUE">Shape</attrlabl><attalias Sync="TRUE">Shape</attalias><attrtype Sync="TRUE">Geometry</attrtype><attwidth Sync="TRUE">0</attwidth><atprecis Sync="TRUE">0</atprecis><attscale Sync="TRUE">0</attscale><attrdef Sync="TRUE">Feature geometry.</attrdef><attrdefs Sync="TRUE">Esri</attrdefs><attrdomv><udom Sync="TRUE">Coordinates defining the features.</udom></attrdomv></attr><attr><attrlabl Sync="TRUE">DFIRM_ID</attrlabl><attalias Sync="TRUE">DFIRM_ID</attalias><attrtype Sync="TRUE">String</attrtype><attwidth Sync="TRUE">6</attwidth><atprecis Sync="TRUE">0</atprecis><attscale Sync="TRUE">0</attscale></attr><attr><attrlabl Sync="TRUE">VERSION_ID</attrlabl><attalias Sync="TRUE">VERSION_ID</attalias><attrtype Sync="TRUE">String</attrtype><attwidth Sync="TRUE">11</attwidth><atprecis Sync="TRUE">0</atprecis><attscale Sync="TRUE">0</attscale></attr><attr><attrlabl Sync="TRUE">ALLUVL_ID</attrlabl><attalias Sync="TRUE">ALLUVL_ID</attalias><attrtype Sync="TRUE">String</attrtype><attwidth Sync="TRUE">32</attwidth><atprecis Sync="TRUE">0</atprecis><attscale Sync="TRUE">0</attscale></attr><attr><attrlabl Sync="TRUE">ACTIVE_FAN</attrlabl><attalias Sync="TRUE">ACTIVE_FAN</attalias><attrtype Sync="TRUE">String</attrtype><attwidth Sync="TRUE">1</attwidth><atprecis Sync="TRUE">0</atprecis><attscale Sync="TRUE">0</attscale></attr><attr><attrlabl Sync="TRUE">FANAPEX_DA</attrlabl><attalias Sync="TRUE">FANAPEX_DA</attalias><attrtype Sync="TRUE">Double</attrtype><attwidth Sync="TRUE">19</attwidth><atprecis Sync="TRUE">0</atprecis><attscale Sync="TRUE">0</attscale></attr><attr><attrlabl Sync="TRUE">AREA_UNITS</attrlabl><attalias Sync="TRUE">AREA_UNITS</attalias><attrtype Sync="TRUE">String</attrtype><attwidth Sync="TRUE">17</attwidth><atprecis Sync="TRUE">0</atprecis><attscale Sync="TRUE">0</attscale></attr><attr><attrlabl Sync="TRUE">FANAPEX_Q</attrlabl><attalias Sync="TRUE">FANAPEX_Q</attalias><attrtype Sync="TRUE">Double</attrtype><attwidth Sync="TRUE">19</attwidth><atprecis Sync="TRUE">0</atprecis><attscale Sync="TRUE">0</attscale></attr><attr><attrlabl Sync="TRUE">DISCH_UNIT</attrlabl><attalias Sync="TRUE">DISCH_UNIT</attalias><attrtype Sync="TRUE">String</attrtype><attwidth Sync="TRUE">3</attwidth><atprecis Sync="TRUE">0</atprecis><attscale Sync="TRUE">0</attscale></attr><attr><attrlabl Sync="TRUE">FAN_VEL_MN</attrlabl><attalias Sync="TRUE">FAN_VEL_MN</attalias><attrtype Sync="TRUE">Double</attrtype><attwidth Sync="TRUE">19</attwidth><atprecis Sync="TRUE">0</atprecis><attscale Sync="TRUE">0</attscale></attr><attr><attrlabl Sync="TRUE">FAN_VEL_MX</attrlabl><attalias Sync="TRUE">FAN_VEL_MX</attalias><attrtype Sync="TRUE">Double</attrtype><attwidth Sync="TRUE">19</attwidth><atprecis Sync="TRUE">0</atprecis><attscale Sync="TRUE">0</attscale></attr><attr><attrlabl Sync="TRUE">VEL_UNIT</attrlabl><attalias Sync="TRUE">VEL_UNIT</attalias><attrtype Sync="TRUE">String</attrtype><attwidth Sync="TRUE">20</attwidth><atprecis Sync="TRUE">0</atprecis><attscale Sync="TRUE">0</attscale></attr><attr><attrlabl Sync="TRUE">DEPTH</attrlabl><attalias Sync="TRUE">DEPTH</attalias><attrtype Sync="TRUE">Double</attrtype><attwidth Sync="TRUE">19</attwidth><atprecis Sync="TRUE">0</atprecis><attscale Sync="TRUE">0</attscale></attr><attr><attrlabl Sync="TRUE">DEPTH_UNIT</attrlabl><attalias Sync="TRUE">DEPTH_UNIT</attalias><attrtype Sync="TRUE">String</attrtype><attwidth Sync="TRUE">16</attwidth><atprecis Sync="TRUE">0</atprecis><attscale Sync="TRUE">0</attscale></attr><attr><attrlabl Sync="TRUE">FLD_ZONE</attrlabl><attalias Sync="TRUE">FLD_ZONE</attalias><attrtype Sync="TRUE">String</attrtype><attwidth Sync="TRUE">17</attwidth><atprecis Sync="TRUE">0</atprecis><attscale Sync="TRUE">0</attscale></attr><attr><attrlabl Sync="TRUE">ZONE_SUBTY</attrlabl><attalias Sync="TRUE">ZONE_SUBTY</attalias><attrtype Sync="TRUE">String</attrtype><attwidth Sync="TRUE">76</attwidth><atprecis Sync="TRUE">0</atprecis><attscale Sync="TRUE">0</attscale></attr><attr><attrlabl Sync="TRUE">METH_DESC</attrlabl><attalias Sync="TRUE">METH_DESC</attalias><attrtype Sync="TRUE">String</attrtype><attwidth Sync="TRUE">254</attwidth><atprecis Sync="TRUE">0</atprecis><attscale Sync="TRUE">0</attscale></attr><attr><attrlabl Sync="TRUE">SOURCE_CIT</attrlabl><attalias Sync="TRUE">SOURCE_CIT</attalias><attrtype Sync="TRUE">String</attrtype><attwidth Sync="TRUE">21</attwidth><atprecis Sync="TRUE">0</atprecis><attscale Sync="TRUE">0</attscale></attr><attr><attrlabl Sync="TRUE">GFID</attrlabl><attalias Sync="TRUE">GFID</attalias><attrtype Sync="TRUE">String</attrtype><attwidth Sync="TRUE">36</attwidth><atprecis Sync="TRUE">0</atprecis><attscale Sync="TRUE">0</attscale></attr><attr><attrlabl Sync="TRUE">SHAPE_Leng</attrlabl><attalias Sync="TRUE">SHAPE_Leng</attalias><attrtype Sync="TRUE">Double</attrtype><attwidth Sync="TRUE">19</attwidth><atprecis Sync="TRUE">0</atprecis><attscale Sync="TRUE">0</attscale></attr><attr><attrlabl Sync="TRUE">SHAPE_Area</attrlabl><attalias Sync="TRUE">SHAPE_Area</attalias><attrtype Sync="TRUE">Double</attrtype><attwidth Sync="TRUE">19</attwidth><atprecis Sync="TRUE">0</atprecis><attscale Sync="TRUE">0</attscale><attrdef Sync="TRUE">Area of feature in internal units squared.</attrdef><attrdefs Sync="TRUE">Esri</attrdefs><attrdomv><udom Sync="TRUE">Positive real numbers that are automatically generated.</udom></attrdomv></attr></detailed></eainfo><mdDateSt Sync="TRUE">20250109</mdDateSt></metadata>
